{
    "camera_matrix": [
        [
            533.0162676055135,
            0.0,
            268.0167165790798
        ],
        [
            0.0,
            528.6259437217376,
            246.04974696102062
        ],
        [
            0.0,
            0.0,
            1.0
        ]
    ],
    "distortion_coefficients": [
        [
            -0.16661945936114325,
            0.049815660790188385,
            0.0002430052459814956,
            -0.010517456654101661,
            0.04426979672329609
        ]
    ],
    "resolution": [
        640,
        480
    ],
    "reprojection_error": 1.6818474101182819
}